{"RBC": 0.5005553635758226, "Hemoglobin(g/dl)": 0.2321993005995653, "HCT(%)": 0.10239186803506767, "RDW-CV(%)": 0.02681686722716827, "Total WBC count(/cumm)": 0.0179515895256211, "Neutrophils(%)": 0.016751819601387444, "Total Platelet Count(/cumm)": 0.015907092810464166, "Age": 0.013068233079688789, "MCH(pg)": 0.012653954664744737, "MCV(fl)": 0.012356282185942329, "MCHC(g/dl)": 0.0117785929808237, "Lymphocytes(%)": 0.011082719838775174, "Eosinophils(%)": 0.007653241132760313, "PDW(%)": 0.006608941256294186, "MPV(fl)": 0.005744411536711405, "Monocytes(%)": 0.004479252959080971, "Gender": 0.001994697897072937, "PCT(%)": 5.771093008881023e-06}